tweetDate,content,twitterProfile,tweetUrl,timestamp,query
Sat Apr 15 17:02:26 +0000 2023,#censorship #political-correctness #cancel-culture #shadow-banning #social-media-censorship police state #woke-culture #woke people #woke mob #woke-socialists-fascists #woke-behavioral-modification-toolbox https://t.co/LuE9SxtB81,https://twitter.com/SemperNike,https://twitter.com/SemperNike/status/1647284257281196033,2023-04-17T19:53:46.551Z,#cancel
Sat Apr 15 09:06:13 +0000 2023,"SpoilerTV Broadcast Cancellation Predictor Table 2022/23 *Updated with 13th April 2023 Finals*

 #Renew #Cancel #RenewCancel

https://t.co/GmIUKci7Yg https://t.co/qHIcCEKUk6",https://twitter.com/stv_chicagofire,https://twitter.com/stv_chicagofire/status/1647164412162363392,2023-04-17T19:53:46.551Z,#cancel
Thu Apr 13 20:30:12 +0000 2023,"SpoilerTV Broadcast Cancellation Predictor Table 2022/23 *Updated with 12th April 2023 Finals*

 #Renew #Cancel #RenewCancel

https://t.co/GmIUKchA8I https://t.co/sA31Ogjf25",https://twitter.com/stv_chicagofire,https://twitter.com/stv_chicagofire/status/1646611767911391235,2023-04-17T19:53:46.551Z,#cancel
Sun Apr 16 02:20:09 +0000 2023,#Appletv what is the #issue?  I can‚Äôt log on with my account and it only gives option to #join!  Wth?  Please don‚Äôt Ke me #cancel before #Tedlasso before the season ends.  ü•π https://t.co/OMI86Qn0Xw,https://twitter.com/xiolamae,https://twitter.com/xiolamae/status/1647424611888316417,2023-04-17T19:53:46.551Z,#cancel
Sun Apr 16 03:11:59 +0000 2023,"Lol üòÇ Running Scared

The WEF &amp; CIA operatives are losing to citizen journalists‚Ä¶ 

Keep up the good work Patriots‚ÄºÔ∏è #Cancel @AnheuserBusch",https://twitter.com/nomandatesco,https://twitter.com/nomandatesco/status/1647437654865367040,2023-04-17T19:53:46.551Z,#cancel
Tue Apr 11 16:31:54 +0000 2023,"OMG NOT ACCEPTING CONSENT GRRR üò° *bark bark*, #cancel #Misogynist https://t.co/zI7QMa3l5s",https://twitter.com/OppresserO,https://twitter.com/OppresserO/status/1645827020025102350,2023-04-17T19:53:46.551Z,#cancel
Sun Apr 16 09:05:41 +0000 2023,"+++üôàüôâüôä+++ #METOO BEWEGUNG ENTSETZT: BIZARRE ANDEUTUNGEN VON HANDELSBLATT UND UNBEDEUTENDEM GR√úNEM SORGEN F√úR AUFREGUNG!

Das ging nun wirklich zu weit. 
Nach der peinlichen Entgleisung hagelte es zurecht heftige #Boycott-Aufrufe gegen das #Handelsblatt und #Cancel-Aufforderung‚Ä¶ https://t.co/yc41xG4rhk",https://twitter.com/Unwoke_Berlin,https://twitter.com/Unwoke_Berlin/status/1647526667919785985,2023-04-17T19:53:46.551Z,#cancel
Sun Apr 09 22:51:06 +0000 2023,#cancel  @xaedobaedo https://t.co/sEjDZf11Zk,https://twitter.com/piggysmallzbutt,https://twitter.com/piggysmallzbutt/status/1645197673354461184,2023-04-17T19:53:46.551Z,#cancel
Tue Apr 11 17:48:19 +0000 2023,"#Domestic #Violence &amp; #Trans #Rights #Protests Are One In the Same / #Say #no to #transgender #advocacy / Say no to hate / Support #LGB not #LGBT
/ #Marx #radicalism
/ #Cancel #Culture
/ #Woke #Wokism
/ #Dumbocrats #DumbocratsReview 
/ #Democrats #GOP 
/ #Politics
/ #Trump #Biden https://t.co/SmfYf2HbF6",https://twitter.com/fuelforradicals,https://twitter.com/fuelforradicals/status/1645846251794223104,2023-04-17T19:53:46.551Z,#cancel
Sat Apr 15 21:11:24 +0000 2023,I want to #cancel finley right now he just told spotify what to do i find that very offensive and he shouldnt be allowed to play minecraft ever again it seriously hurt me to see him be so controlling over my favourite music app üíîüíîüíî,https://twitter.com/CAT0M4N,https://twitter.com/CAT0M4N/status/1647346913149169664,2023-04-17T19:53:46.551Z,#cancel
Fri Apr 14 03:11:21 +0000 2023,#cancel stage right,https://twitter.com/TheBatman1138,https://twitter.com/TheBatman1138/status/1646712721239408640,2023-04-17T19:53:46.551Z,#cancel
Sat Apr 15 15:36:05 +0000 2023,"üö®Budweiser CEO Just DELETED His Account When Exposed As A CIA Agent | Deep State Beer In Panic

https://t.co/2pDKzzUzPH",https://twitter.com/bennyjohnson,https://twitter.com/bennyjohnson/status/1647262524721573892,2023-04-17T19:53:46.551Z,#cancel
Mon Apr 17 15:23:05 +0000 2023,#cancel #whoopi her opinion her opinion is all we hear.   May God have mercy on your soul,https://twitter.com/DianaJo67907288,https://twitter.com/DianaJo67907288/status/1647984028417417221,2023-04-17T19:53:46.551Z,#cancel
Mon Apr 17 13:59:33 +0000 2023,"""The future may be cancelled. Please stand by.""

https://t.co/iGTpiRx60N 

#cancel #CancelCulture https://t.co/mRz3l7BeFF",https://twitter.com/samkj27,https://twitter.com/samkj27/status/1647963010269421568,2023-04-17T19:53:46.551Z,#cancel
Mon Apr 17 11:48:30 +0000 2023,"TEAM.... NO CHRISTAN......... I CONVERT TO ELVISAN..... 'If I can dream of a better land
Where all my brothers walk hand in hand Tell me why, oh why, oh why can't my dream come true
Oh why' - Elvis 1968
#ELvisMovie #ElvisPresley #religion #Christianity #cancel #COACHELLA2023",https://twitter.com/GarethIsAngry,https://twitter.com/GarethIsAngry/status/1647930027982372865,2023-04-17T19:53:46.551Z,#cancel
Mon Apr 17 18:24:01 +0000 2023,"I was talking with someone who was dealing with some serious bad stuff so I asked Snapchat MYAI for advice, and the response I got was ‚Äúthat‚Äôs too bad!‚Äù. This is distrusting behaviour from the AI that‚Äôs supposed to be supportive and helpful. #cancel #cancelMYAI #cancelled",https://twitter.com/imyourtoes,https://twitter.com/imyourtoes/status/1648029562243100676,2023-04-17T19:53:46.551Z,#cancel
Mon Apr 10 14:11:22 +0000 2023,This gay is racist #cancel him https://t.co/IDyn1GZg42,https://twitter.com/ImThatSamu,https://twitter.com/ImThatSamu/status/1645429265540993025,2023-04-17T19:53:46.551Z,#cancel
Fri Mar 31 13:52:00 +0000 2023,"Food security is a resource sector supply chain opportunity.

The urgent need for American domestic #potash supply presents a massive opportunity in a market expected to reach $32.1B by 2027. üìà

Watch video üëáüëáüëá https://t.co/LW21eh9ac4
$SAGE #FoodSecurity #Investing",https://twitter.com/Sage_Potash,https://twitter.com/Sage_Potash/status/1641800516433858560,2023-04-17T19:53:46.551Z,#cancel
Sun Apr 16 06:05:52 +0000 2023,"#cancel @FINNAGAlN 
He is making fun of me :(
In a rude kind of way https://t.co/6hg1AmIJTN",https://twitter.com/thinspirato,https://twitter.com/thinspirato/status/1647481412872798208,2023-04-17T19:53:46.551Z,#cancel
Sat Apr 15 13:01:01 +0000 2023,Handelsblatt: Baerbocks klare Worte sind richtig ‚Äì Deutschland muss mit China auf Augenh√∂he kommen  https://t.co/Fcjo9vrRVi,https://twitter.com/bueti,https://twitter.com/bueti/status/1647223503563771905,2023-04-17T19:53:46.551Z,#cancel
Fri Apr 14 01:32:17 +0000 2023,"c'mon Twitter ... (@elonmusk )

hurry up and #Cancel Mii ...

I want to go shagg the misses ! https://t.co/bB8pH8Zmii",https://twitter.com/_SyNapz420,https://twitter.com/_SyNapz420/status/1646687789755387905,2023-04-17T19:53:46.551Z,#cancel
Sun Apr 16 02:34:47 +0000 2023,cancel this man #cancel @SJSingh52235148 https://t.co/ZMDDSTwqkw,https://twitter.com/MemerBeast,https://twitter.com/MemerBeast/status/1647428292449021954,2023-04-17T19:53:46.551Z,#cancel
Mon Apr 17 04:34:10 +0000 2023,how greedy bitches  felt after not live streaming bjork/frank ocean #Cancel #Coachella https://t.co/O3cQqh08To,https://twitter.com/Spritenee_,https://twitter.com/Spritenee_/status/1647820724688818178,2023-04-17T19:53:46.551Z,#cancel
Sun Apr 16 08:08:15 +0000 2023,#Filter  #fail @instawork #suspends me 7 days bc #crap #app did not check for #VAX . After I booked job demands #VaccineDeath shot then I #cancel 2 shifts &amp; now #suspended  #unacceptable #work #fail No #responsibility #accountability Treat #employees like #Cattle #slaves #woke https://t.co/Mn3S5UNHud,https://twitter.com/DbaRoman,https://twitter.com/DbaRoman/status/1647512214704889856,2023-04-17T19:53:49.777Z,#cancel
Sat Apr 08 10:40:46 +0000 2023,"Drinking is bad for your brain ... just look at what Bud Light beer caused to this poor guy!
In his case it caused him to lose his gender!
#gowokegobroke #cancel #budlight https://t.co/EouLqds4JB",https://twitter.com/alexcostincom,https://twitter.com/alexcostincom/status/1644651493948096513,2023-04-17T19:53:49.777Z,#cancel
Sun Apr 16 09:51:02 +0000 2023,"Lol bastards cry

#F1 #pitstopboys #f1twt #cancel #formula1 https://t.co/VcKtLXfrsu",https://twitter.com/of_C_Leclerc16,https://twitter.com/of_C_Leclerc16/status/1647538077475262464,2023-04-17T19:53:49.777Z,#cancel
Mon Apr 17 16:30:33 +0000 2023,"@DC_Draino This @budlight #cancel campaign the repubs are pushing shows their lack of support for the 1st Amendment rights.

Bud Light owes you insecure pansies nothing.",https://twitter.com/odatlife,https://twitter.com/odatlife/status/1648001010152140800,2023-04-17T19:53:49.777Z,#cancel
Mon Apr 10 20:21:14 +0000 2023,"SpoilerTV Broadcast Cancellation Predictor Table 2022/23 *Updated with 7th April 2023 Finals*

 #Renew #Cancel #RenewCancel

https://t.co/GmIUKchA8I https://t.co/flXCHkpcTu",https://twitter.com/stv_chicagofire,https://twitter.com/stv_chicagofire/status/1645522345593896961,2023-04-17T19:53:49.777Z,#cancel
Tue Apr 11 18:17:06 +0000 2023,"#Domestic #Violence &amp; #Trans #Rights #Protests Are One In the Same / #Say #no to #transgender #advocacy / Say no to #hate / Support #LGB not #LGBT

/ #Marx #radicalism

/ #Cancel #Culture

/ #Woke #Wokism

/ #Dumbocrats #DumbocratsReview 

/ #Democrats #GOP

/ #Politics

/ #Trump https://t.co/gOOGWIyYhY",https://twitter.com/Politix4Dumeez,https://twitter.com/Politix4Dumeez/status/1645853495927488512,2023-04-17T19:53:49.777Z,#cancel
Thu Apr 13 07:26:22 +0000 2023,"Acts 9:2  And desired of him letters to Damascus to the synagogues, that if he found any of this way, whether they were men or women, he might bring them bound unto Jerusalem.

#christain #letters #fathers #dailydevotional #cancelculture #cancel #oppression #christ #jesus https://t.co/UAZAPCViWM",https://twitter.com/Streetsolomon,https://twitter.com/Streetsolomon/status/1646414507177127936,2023-04-17T19:53:49.777Z,#cancel
Thu Apr 13 05:08:05 +0000 2023,#Cancel culture. https://t.co/Q2DBVLSprJ,https://twitter.com/HrReisen,https://twitter.com/HrReisen/status/1646379710425776128,2023-04-17T19:53:49.777Z,#cancel
Sun Apr 16 00:13:36 +0000 2023,#NationOfIslam is wrong! Prophet Muhammad s.a.w is Allah‚Äôs last messenger as it clearly says in the Quran and our religion built on ! Who tf  is Elijah Mohamed  ! #Cancel,https://twitter.com/fawwazali92,https://twitter.com/fawwazali92/status/1647392762340298754,2023-04-17T19:53:49.777Z,#cancel
Tue Apr 11 17:09:08 +0000 2023,Got smacked in the face by a man of color. #cancel dharma,https://twitter.com/Painted_Ken,https://twitter.com/Painted_Ken/status/1645836392017035288,2023-04-17T19:53:49.777Z,#cancel
Mon Apr 10 11:53:27 +0000 2023,@DalaiLama You have disrespected the trust of respect. How can you behave so disturbing towards a young boy! An apology is not enough.. u clearly are doing this more than we can see. The fact u did this in front of ppl is wow. Thanks for showing u true self #Cancel @DalaiLama,https://twitter.com/MamiRosemary,https://twitter.com/MamiRosemary/status/1645394557838962689,2023-04-17T19:53:49.777Z,#cancel
Mon Apr 17 16:21:40 +0000 2023,#cancel @ticklishuuu,https://twitter.com/mikkkooooooo,https://twitter.com/mikkkooooooo/status/1647998775011467264,2023-04-17T19:53:49.777Z,#cancel
Mon Apr 17 12:02:46 +0000 2023,"@EtruscanUno @ApplePodcasts @iHeartPodcasts @facingevilpod They laugh when you bring up #Victims. 
#Revictimization #Exploitation  #VictimAdvocacy #FacingEvil #RootOfEvil #TrueCrime #truecrimecommunity #FaunaHodel #AngelOfLight  #PayneLindsey #SistersOfEvil #Cancel
#ShitShow  #OurEntireLives #CackleFactor  #TheyFellForIt  #Agenda #Imua https://t.co/BZOwtPawyr",https://twitter.com/ARchiTectMorte,https://twitter.com/ARchiTectMorte/status/1647933619099389953,2023-04-17T19:53:49.777Z,#cancel
Mon Apr 10 07:15:47 +0000 2023,"Don't #cancel #Webster. But yeah the definition of #mascara as masks worn by buffoons is pretty hilarious.

#Feminism 
#Reversefeminism https://t.co/Xg3Ws0249x",https://twitter.com/ABulbNutsLight,https://twitter.com/ABulbNutsLight/status/1645324682181091329,2023-04-17T19:53:49.777Z,#cancel
Thu Apr 13 06:18:31 +0000 2023,"Offended yet ? Good ! 
#history #not #yours #to #cancel 
Learn from it ! https://t.co/WcDJXSo6ga",https://twitter.com/chrille369,https://twitter.com/chrille369/status/1646397433847459840,2023-04-17T19:53:49.777Z,#cancel
Wed Apr 12 21:30:15 +0000 2023,Brody Goodwin is a freak and made a monkey impression to a black peer plz #cancel him,https://twitter.com/LukeHocking6,https://twitter.com/LukeHocking6/status/1646264490542104576,2023-04-17T19:53:49.777Z,#cancel
Wed Apr 12 18:49:00 +0000 2023,I think I‚Äôm about ready to #cancel this White Sox season.,https://twitter.com/GuruKevlar,https://twitter.com/GuruKevlar/status/1646223912806625282,2023-04-17T19:53:49.777Z,#cancel
Sun Apr 16 06:06:14 +0000 2023,@dickeatrr @hrtshapedobject @iHateHeizou you want adult dick,https://twitter.com/mitsubology,https://twitter.com/mitsubology/status/1647481507819159552,2023-04-17T19:53:49.777Z,#cancel
Sun Apr 16 06:08:02 +0000 2023,cancel culture is real. #cancel #CancelCulture #LiberalHypocrisy #LiberalismIsACult #pronounparty #Trump2024,https://twitter.com/dickeatrr,https://twitter.com/dickeatrr/status/1647481957507297280,2023-04-17T19:53:49.777Z,#cancel
Sun Apr 09 02:53:34 +0000 2023,fake friends are the worst #cancel @HSchrepfer,https://twitter.com/BRamatowski,https://twitter.com/BRamatowski/status/1644896305112645632,2023-04-17T19:53:49.777Z,#cancel
Sun Apr 16 13:36:56 +0000 2023,#cancel #garygensler for attempting to destroy technological innovation of blockchain technology.,https://twitter.com/ThePostMastah,https://twitter.com/ThePostMastah/status/1647594929508741120,2023-04-17T19:53:49.777Z,#cancel
Sun Apr 16 12:02:00 +0000 2023,"#Dumbocrats are so #dumb,

They #think #Globalism‚Äôs #broad #strokes #results 

in #multicultural #preservation.

/ &amp; more @ 

/ - https://t.co/3ScYZISgn5 

/ https://t.co/dVcCGUU7un 

/ #Marx #radicalism

/ #Cancel #Culture

/ #Woke #Wokism

/ #Dumbocrats #DumbocratsReview https://t.co/UtBEEJ1bgw",https://twitter.com/fuelforradicals,https://twitter.com/fuelforradicals/status/1647571036064415745,2023-04-17T19:53:52.972Z,#cancel
Sun Apr 09 13:13:59 +0000 2023,"Last night, I dreamed #Kratom was legal everywhere. That the entire country enjoyed #KratomTea and every idiot who tried to #cancel it was non-existent.

It was so vivid, I woke up and immediately searched it.

Crap. https://t.co/ztwVndX29K",https://twitter.com/Botanicalfam,https://twitter.com/Botanicalfam/status/1645052436116131842,2023-04-17T19:53:52.972Z,#cancel
Fri Apr 14 03:07:22 +0000 2023,#cancel chey look at this hateful message,https://twitter.com/madseas0n_,https://twitter.com/madseas0n_/status/1646711718695911425,2023-04-17T19:53:52.972Z,#cancel
Tue Apr 11 17:58:09 +0000 2023,why aren‚Äôt they called MONARCH sized candy bars?!? #CANCEL big candy!!!!!!!,https://twitter.com/imtchy7,https://twitter.com/imtchy7/status/1645848725326028800,2023-04-17T19:53:52.972Z,#cancel
Sun Apr 16 15:03:26 +0000 2023,#mw2 #trickshot #pv #clean #Sniper #reload #cancel #OG https://t.co/cfLuT0Cwt9,https://twitter.com/OhFuseBaby,https://twitter.com/OhFuseBaby/status/1647616697656827904,2023-04-17T19:53:52.972Z,#cancel
Fri Apr 14 04:55:15 +0000 2023,"‡πÄ‡∏°‡∏∑‡πà‡∏≠‡∏ß‡∏≤‡∏ô ‡∏ó‡∏≥‡∏á‡∏≤‡∏ô 6 ‡∏ä‡∏° 2 ‡∏ö‡πâ‡∏≤‡∏ô #‡πÄ‡∏´‡∏ô‡∏∑‡πà‡∏≠‡∏¢‡πÅ‡∏ö‡∏ö‡∏™‡∏∏‡∏î‡πÜ ‡∏à‡∏£‡∏¥‡∏á‡πÜ
‡∏≠‡∏≤‡∏ó‡∏¥‡∏ï‡∏¢‡πå‡∏ô‡∏µ‡πâ ‡∏ó‡∏≥‡∏á‡∏≤‡∏ô‡πÄ‡∏¢‡∏≠‡∏∞‡πÄ‡∏û‡∏£‡∏≤‡∏∞‡∏ß‡∏±‡∏ô‡∏à‡∏±‡∏ô‡∏ó‡∏£‡πå‡∏´‡∏•‡∏≤‡∏¢‡πÑ‡∏õ ‡∏Å‡πá‡∏ï‡πâ‡∏≠‡∏á‡πÄ‡∏•‡∏∑‡πà‡∏≠‡∏ô‡∏•‡∏á‡∏°‡∏≤
‡πÑ‡∏°‡πà‡∏°‡∏µ‡∏ö‡πâ‡∏≤‡∏ô‡πÑ‡∏´‡∏ô #cancel ‡πÄ‡∏•‡∏¢ ‡∏ó‡∏µ‡πà‡∏î‡∏µ‡∏Ñ‡∏∑‡∏≠ ‡∏°‡∏µ‡πÄ‡∏á‡∏¥‡∏ô‡πÄ‡∏û‡∏¥‡πà‡∏°‡πÄ‡∏Ç‡πâ‡∏≤‡∏Å‡∏£‡∏∞‡πÄ‡∏õ‡πã‡∏≤
‡∏ß‡∏±‡∏ô‡∏ô‡∏µ‡πâ ‡∏ß‡∏±‡∏ô‡∏®‡∏∏‡∏Å‡∏£‡πå ‡∏Ñ‡∏∑‡∏≠‡∏à‡∏∞‡∏™‡∏∏‡∏Ç‡∏à‡∏£‡∏¥‡∏á ‡∏ó‡∏≥‡∏á‡∏≤‡∏ô 2 ‡∏ä‡∏° ‡πÅ‡∏•‡πâ‡∏ß‡πÑ‡∏õ‡∏à‡πà‡∏≤‡∏¢‡∏Å‡∏±‡∏ö‡∏Ç‡πâ‡∏≤‡∏ß‡∏î‡∏µ‡∏Å‡∏ß‡πà‡∏≤ 
‡∏≠‡∏∏‡∏ì‡∏´‡∏†‡∏π‡∏°‡∏¥‡∏ï‡πà‡∏≥‡∏Å‡∏ß‡πà‡∏≤‡∏ó‡∏µ‡πà‡∏Ñ‡∏ß‡∏£‡∏à‡∏∞‡πÄ‡∏õ‡πá‡∏ô https://t.co/dcVXYCxsGm",https://twitter.com/redtestwine,https://twitter.com/redtestwine/status/1646738868840853504,2023-04-17T19:53:52.972Z,#cancel
Wed Apr 12 20:57:23 +0000 2023,maman #cancel https://t.co/F8EFABFn9b,https://twitter.com/fan2lasagne,https://twitter.com/fan2lasagne/status/1646256220372717569,2023-04-17T19:53:52.972Z,#cancel
Mon Apr 10 13:56:30 +0000 2023,"That whore called rin said the f slur to me
#cancel",https://twitter.com/tkkmoii,https://twitter.com/tkkmoii/status/1645425526499160066,2023-04-17T19:53:52.972Z,#cancel
Mon Apr 17 08:00:10 +0000 2023,https://t.co/OGw8u8E0JO,https://twitter.com/HumansNoContext,https://twitter.com/HumansNoContext/status/1647872567112347661,2023-04-17T19:53:52.972Z,#cancel
Sat Apr 15 10:21:39 +0000 2023,"#Cancel #Ustoo 
Seems like we are capable of canceling things too!",https://twitter.com/BLACKKNIGHT7050,https://twitter.com/BLACKKNIGHT7050/status/1647183395342917634,2023-04-17T19:53:52.972Z,#cancel
Mon Apr 17 09:37:14 +0000 2023,Cancel Fire! #cancel #fire,https://twitter.com/vjkagr,https://twitter.com/vjkagr/status/1647896995691126786,2023-04-17T19:53:52.972Z,#cancel
Wed Apr 12 15:14:58 +0000 2023,"#Writ petition no 3804 of 2023
dated 9.2.23
by justice Suresh kumar

#civil #‡Æ™‡Øã‡Æ≤‡Æø #deed #‡Æ™‡Æ§‡Øç‡Æ§‡Æø‡Æ∞‡ÆÆ‡Øç #cancel #‡Æ™‡ØÅ‡Æï‡Ææ‡Æ∞‡Øç https://t.co/AfibAownWr",https://twitter.com/reporter_hameed,https://twitter.com/reporter_hameed/status/1646170047159648261,2023-04-17T19:53:52.972Z,#cancel
Sat Apr 15 10:11:06 +0000 2023,"#cancel @GgBigChop
He mean

Forkknife",https://twitter.com/DrayerAron,https://twitter.com/DrayerAron/status/1647180739342106625,2023-04-17T19:53:52.972Z,#cancel
Mon Apr 10 04:51:30 +0000 2023,#cancel 149 Go https://t.co/BjMFt9z9yY,https://twitter.com/ashokdilli14900,https://twitter.com/ashokdilli14900/status/1645288372947271681,2023-04-17T19:53:52.972Z,#cancel
Fri Mar 31 13:52:00 +0000 2023,"Potash, a key ingredient in #fertilizer, is crucial to #FoodProduction.

üåæ Supports plant growth
üåæ Increases crop yield and disease resistance
üåæ Enhances water preservation

üé• WATCH ‚¨áÔ∏è‚¨áÔ∏è‚¨áÔ∏è https://t.co/17mHLJiFkf
$SAGE #Potash #Mining #Agriculture #FoodSecurity",https://twitter.com/Sage_Potash,https://twitter.com/Sage_Potash/status/1641800516421267456,2023-04-17T19:53:52.972Z,#cancel
Sat Apr 08 07:13:03 +0000 2023,"SpoilerTV Broadcast Cancellation Predictor Table 2022/23 *Updated with 6th April 2023 Finals*

 #Renew #Cancel #RenewCancel

https://t.co/q4t4SHUWG3 https://t.co/tXUjCjCub6",https://twitter.com/STV_NCISLA,https://twitter.com/STV_NCISLA/status/1644599218990993413,2023-04-17T19:53:52.972Z,#cancel
Tue Apr 11 18:41:53 +0000 2023,"@dwaynel1965 @AnheuserBusch This you, #cancel culture guy? https://t.co/M13M4qkEuO",https://twitter.com/newsfeed62,https://twitter.com/newsfeed62/status/1645859731184156673,2023-04-17T19:53:52.972Z,#cancel
Wed Apr 12 20:09:53 +0000 2023,"SpoilerTV Broadcast Cancellation Predictor Table 2022/23 *Updated with 10th April 2023 Finals*

 #Renew #Cancel #RenewCancel

https://t.co/q4t4SHUWG3 https://t.co/gDMzgRbeJ8",https://twitter.com/STV_NCISLA,https://twitter.com/STV_NCISLA/status/1646244264756609025,2023-04-17T19:53:52.972Z,#cancel
Fri Apr 14 01:12:43 +0000 2023,i hate chris cornell never talk about him on my page he is ugly and stupid and his music sucks,https://twitter.com/I4M0K4Y,https://twitter.com/I4M0K4Y/status/1646682864577028096,2023-04-17T19:53:52.972Z,#cancel
Mon Apr 10 01:49:56 +0000 2023,#Cancel #EVM_bring_back_Democracy https://t.co/abEW6fZZuB,https://twitter.com/RsUp65,https://twitter.com/RsUp65/status/1645242681080315905,2023-04-17T19:53:52.972Z,#cancel
Wed Apr 12 20:30:12 +0000 2023,"SpoilerTV Broadcast Cancellation Predictor Table 2022/23 *Updated with 11th April 2023 Finals*

 #Renew #Cancel #RenewCancel

https://t.co/GmIUKchA8I https://t.co/JTUfrcq9jY",https://twitter.com/stv_chicagofire,https://twitter.com/stv_chicagofire/status/1646249380570177537,2023-04-17T19:53:52.972Z,#cancel
Mon Apr 17 13:32:05 +0000 2023,How to #Cancel #Planet #Fitness Membership: A Step-by-Step #Guide https://t.co/XOATQTOcBY #howto #membership #stepbystep,https://twitter.com/mohammadali_im1,https://twitter.com/mohammadali_im1/status/1647956097704112128,2023-04-17T19:53:52.972Z,#cancel
Sat Apr 15 17:09:48 +0000 2023,"The way @espn is talking like the 76ers already won this series is disgusting!!!!!!

#cancel",https://twitter.com/MikeTheHump_,https://twitter.com/MikeTheHump_/status/1647286112140898306,2023-04-17T19:53:52.972Z,#cancel
Sun Apr 16 07:24:08 +0000 2023,"#cancel abbis sister she is a fugly freak who seldom her sisters necklace because she has no soul its only filled with fidget toys
#CANCELED #CANCELABBISSISTER",https://twitter.com/TotinosW51027,https://twitter.com/TotinosW51027/status/1647501109400055808,2023-04-17T19:53:56.707Z,#cancel
Thu Apr 13 16:14:16 +0000 2023,#cancel chase Sorm for saying the n word,https://twitter.com/GioAtkins9,https://twitter.com/GioAtkins9/status/1646547358614683651,2023-04-17T19:53:56.707Z,#cancel
Sat Apr 08 16:55:08 +0000 2023,You just cant #cancel #Barbie,https://twitter.com/cakeofsodomy,https://twitter.com/cakeofsodomy/status/1644745704223416324,2023-04-17T19:53:56.707Z,#cancel
Sat Apr 08 07:12:42 +0000 2023,"SpoilerTV Broadcast Cancellation Predictor Table 2022/23 *Updated with 6th April 2023 Finals*

 #Renew #Cancel #RenewCancel

https://t.co/k1H4Ui3MST https://t.co/idZMyR0UVN",https://twitter.com/stv_theflash,https://twitter.com/stv_theflash/status/1644599131216703489,2023-04-17T19:53:56.707Z,#cancel
Sat Apr 08 07:36:42 +0000 2023,Zombies are SO MEAN !!! #cancel,https://twitter.com/mantrobuski,https://twitter.com/mantrobuski/status/1644605172151390210,2023-04-17T19:53:56.707Z,#cancel
Sat Apr 15 17:04:17 +0000 2023,#cancel my cousin for misgenderinv people #justice,https://twitter.com/wiwukek,https://twitter.com/wiwukek/status/1647284722391810048,2023-04-17T19:53:56.707Z,#cancel
Thu Apr 13 00:15:44 +0000 2023,"Til I feel at least 90% better, I have had to temporarily cancel some streams and discord server events! I‚Äôm sorry my Variants! #cancel #streams #hyperonline #twitchstreamer https://t.co/tfCDSG9XZi",https://twitter.com/venusvariation,https://twitter.com/venusvariation/status/1646306137212370944,2023-04-17T19:53:56.707Z,#cancel
Wed Apr 12 19:30:55 +0000 2023,@grungefur it is a SIN üö´üö´üôÖ‚Äç‚ôÇÔ∏èüòìüè≥Ô∏è‚Äçüåàüë®‚Äç‚ù§Ô∏è‚Äçüíã‚Äçüë® #cancel eddie and chris and stone and jeff https://t.co/iQrYRcUiAg,https://twitter.com/madseas0n_,https://twitter.com/madseas0n_/status/1646234459019018246,2023-04-17T19:53:56.707Z,#cancel
Fri Apr 14 03:11:36 +0000 2023,#cancel stage right,https://twitter.com/colbyquincheese,https://twitter.com/colbyquincheese/status/1646712783109607424,2023-04-17T19:53:56.707Z,#cancel
Wed Apr 12 19:53:12 +0000 2023,armin chodzi z minorem #cancel,https://twitter.com/xiaojoonz,https://twitter.com/xiaojoonz/status/1646240065868247043,2023-04-17T19:53:56.707Z,#cancel
Sun Apr 16 05:19:03 +0000 2023,"#FacingEvil doing what they do best. 
#FakingEvil #CackleFactor #AmateurHour #SistersOfEvil #FaunaHodel #OurEntireLives #UniquePerspective @ApplePodcasts @iHeartPodcasts @facingevilpod #RootOfEvil #Tenderfoottv #Fauxdel's #Imua #Victims #ShitShow #Cancel 
#GenerationalDrama https://t.co/TI918Z1DLa",https://twitter.com/EtruscanUno,https://twitter.com/EtruscanUno/status/1647469632800845824,2023-04-17T19:53:56.707Z,#cancel
Sat Apr 15 14:51:15 +0000 2023,#DCTitans #DC #dcfc #dcfcfans #DCStudios #dccomics #whoever makes the #decision about #projects #clearly hasn't been paying #attention in my #Opinion #Titans is by far one of the #best #shows out there so why would you #cancel it theres still so much to see #worst #choice #ever,https://twitter.com/Leenies0643,https://twitter.com/Leenies0643/status/1647251244837228544,2023-04-17T19:53:56.707Z,#cancel
Sat Apr 15 09:06:55 +0000 2023,"SpoilerTV Broadcast Cancellation Predictor Table 2022/23 *Updated with 13th April 2023 Finals*

 #Renew #Cancel #RenewCancel

https://t.co/q4t4SHVuvB https://t.co/miP4ub5nsA",https://twitter.com/STV_NCISLA,https://twitter.com/STV_NCISLA/status/1647164586909642753,2023-04-17T19:53:56.707Z,#cancel
Fri Apr 14 02:43:59 +0000 2023,"8/ There are about 90 million cable customers in this country. There are about 3 million regular Fox News viewers. Fox is not only forcing everyone with cable to overpay, but now they will try to pick Americans' pockets even more.",https://twitter.com/GoAngelo,https://twitter.com/GoAngelo/status/1646705834351788032,2023-04-17T19:53:56.707Z,#cancel
Sun Apr 16 20:58:19 +0000 2023,Omdat je niet leuk bent #Marieke. En al die andere BN'ers ook niet. #Cancel #Renze,https://twitter.com/darthaamon,https://twitter.com/darthaamon/status/1647706008565825537,2023-04-17T19:53:56.707Z,#cancel
Sun Apr 16 14:31:10 +0000 2023,#cancel #christianity. #patriots #conservatives #christians #facebook #censored an #amen #wtf https://t.co/j5hQqdXi32,https://twitter.com/DrMartinJAus1,https://twitter.com/DrMartinJAus1/status/1647608577220067328,2023-04-17T19:53:56.707Z,#cancel
Sun Apr 16 17:01:23 +0000 2023,"This is no accident. This is a pattern.
#FacingEvil #FakingEvil #FartingEvil  
#RootOfEvil #IAmTheNight  #CackleFactor #OurEntireLives #SistersOfEvil #FaunaHodel #Revictimization #Victims  #AmateurHour #Halfassery #truecrimecommunity #Sham #talentless #Cancel #Theydidntknow #Imua",https://twitter.com/ARchiTectMorte,https://twitter.com/ARchiTectMorte/status/1647646382298214401,2023-04-17T19:53:56.707Z,#cancel
Thu Apr 13 20:30:54 +0000 2023,"SpoilerTV Broadcast Cancellation Predictor Table 2022/23 *Updated with 12th April 2023 Finals*

 #Renew #Cancel #RenewCancel

https://t.co/q4t4SHUWG3 https://t.co/IUWnCuKNWL",https://twitter.com/STV_NCISLA,https://twitter.com/STV_NCISLA/status/1646611942944002051,2023-04-17T19:53:56.707Z,#cancel
Fri Apr 14 15:23:29 +0000 2023,If we‚Äôre going to #cancel anything in this country it should be Murdoch and his anti-democracy hate machine.,https://twitter.com/2crooked_joy,https://twitter.com/2crooked_joy/status/1646896967937585153,2023-04-17T19:53:56.707Z,#cancel
Sun Apr 16 10:54:24 +0000 2023,"Anyone knows what technology is used to ensure that HDFC Bank SI Hub website opens after four attempts? 
üôèüëçüèªüëè.
#RegEM #Outage #Cancel #Subscription",https://twitter.com/s_ketharaman,https://twitter.com/s_ketharaman/status/1647554026496577538,2023-04-17T19:53:56.707Z,#cancel
Thu Apr 13 16:36:12 +0000 2023,"@Relolyn Yeah, this is getting absurd. Chris isn‚Äôt my ‚Äúnightmare‚Äù he‚Äôs my fucken friend and things are fine. All this transphobia is starting to piss me off",https://twitter.com/MrBeast,https://twitter.com/MrBeast/status/1646552879136636936,2023-04-17T19:53:56.707Z,#cancel
Sun Apr 16 22:00:12 +0000 2023,@NetflixUK Whats more questionable was the decision to #cancel @Paradise_Farzar (Paradise PD) @WacoOGuin and the team behind it are more talented than 90% of the garbage you are putting out. @DisneyPlus @paramountplus pick up Paradise PD netflix dropped the ball on this big time,https://twitter.com/beagle182,https://twitter.com/beagle182/status/1647721578682097669,2023-04-17T19:53:56.707Z,#cancel
Sat Apr 15 17:04:33 +0000 2023,‚ÄúHe‚Äôs my friend‚Äù HE ü§£ü§£ü§£ü§£ #mrbeast #misgendering #cancel #thisishilarious #TransWomenAreConMen,https://twitter.com/NotTodaySatan26,https://twitter.com/NotTodaySatan26/status/1647284789500854272,2023-04-17T19:53:56.707Z,#cancel
Sun Apr 16 23:43:24 +0000 2023,ü§Æ #Cancel #christyson,https://twitter.com/AscsPM,https://twitter.com/AscsPM/status/1647747548977807367,2023-04-17T19:53:59.960Z,#cancel
Sat Apr 15 06:27:31 +0000 2023,"#Cancel
@ManuA12TV",https://twitter.com/PitfallSorry,https://twitter.com/PitfallSorry/status/1647124475937189888,2023-04-17T19:53:59.960Z,#cancel
Sun Apr 09 10:42:23 +0000 2023,Watch this and then tag me https://t.co/Pgd966t4TM ‚Ä¶ the real picture‚Ä¶ https://t.co/RE8hWnh5xW,https://twitter.com/faysalquraishi,https://twitter.com/faysalquraishi/status/1645014286786256896,2023-04-17T19:53:59.960Z,#cancel
Sun Apr 09 18:19:50 +0000 2023,If ‚Äúdesperation to damage control‚Äù had a face it would be @faysalquraishi. #Ramadan2023 #Cancel,https://twitter.com/Ourf_,https://twitter.com/Ourf_/status/1645129407978430464,2023-04-17T19:53:59.960Z,#cancel
Thu Apr 13 08:53:27 +0000 2023,"@Philatelovely #Singapore 
#Cancel
#Overprint
Straits Settlements 
üê£ https://t.co/MX7jzofmn3",https://twitter.com/KlineSmith7,https://twitter.com/KlineSmith7/status/1646436424651251713,2023-04-17T19:53:59.960Z,#cancel
Mon Apr 10 08:17:01 +0000 2023,"#Bitcoin 

Is about to make that cross again https://t.co/djwdHPiOh0",https://twitter.com/StockmoneyL,https://twitter.com/StockmoneyL/status/1645340093090091008,2023-04-17T19:53:59.960Z,#cancel
Tue Apr 11 22:39:27 +0000 2023,"Tucker cares about kids‚Ä¶‚Ä¶..

#tuckercarlson #hypocrisy #protectkids #lifematters #misogyny #liar #evil #disgrace #perv #cancel

 https://t.co/WkXCynyozj",https://twitter.com/FromTheAshes326,https://twitter.com/FromTheAshes326/status/1645919517854380034,2023-04-17T19:53:59.960Z,#cancel
Wed Apr 12 20:09:42 +0000 2023,"SpoilerTV Broadcast Cancellation Predictor Table 2022/23 *Updated with 10th April 2023 Finals*

 #Renew #Cancel #RenewCancel

https://t.co/zhWlumHuCh https://t.co/pae5dRdoqd",https://twitter.com/stv_911,https://twitter.com/stv_911/status/1646244218715635716,2023-04-17T19:53:59.960Z,#cancel
Mon Apr 17 04:27:44 +0000 2023,"#Cancel your plan‚Äú Because‚Äù Two kings fight together 
#CSK VS #RCB 
@msdhoni 
@imVkohli 
#FolloMe https://t.co/AZEu34FBLa",https://twitter.com/thearunydv0,https://twitter.com/thearunydv0/status/1647819106429591555,2023-04-17T19:53:59.960Z,#cancel
Sat Apr 15 02:18:36 +0000 2023,#Cancel @ManuA12TV,https://twitter.com/Airfue0,https://twitter.com/Airfue0/status/1647061833315155968,2023-04-17T19:53:59.960Z,#cancel
Sun Apr 16 18:19:21 +0000 2023,URWAH IS CANCELLED AGAIN #cancel #cancelled #URWAHISCANCELLED,https://twitter.com/iluvvrayvenn,https://twitter.com/iluvvrayvenn/status/1647666002295922689,2023-04-17T19:53:59.960Z,#cancel
Tue Apr 11 09:28:09 +0000 2023,"It's like going Back to the Future. Knowing what's going to happen. #FED trying hard to #cancel Generational Wealth. Meanwhile, states are starting to mine BTC and the Feds hold a lot of Bitcoin making it hard to outlaw Bitcoin. They have to attack crypto-related banks unfairly https://t.co/hHSTwUxI9y",https://twitter.com/L0rdHighFix3r,https://twitter.com/L0rdHighFix3r/status/1645720381175611392,2023-04-17T19:53:59.960Z,#cancel
Tue Apr 11 00:36:45 +0000 2023,"Transgender women are men dressing in ""womenface"" and should be canceled #trans #womanface #cancel",https://twitter.com/joshnof,https://twitter.com/joshnof/status/1645586648028303361,2023-04-17T19:53:59.960Z,#cancel
Sat Apr 15 19:20:45 +0000 2023,"@POTUS #nope
#cancel https://t.co/dnJb9uCogR",https://twitter.com/larmanius,https://twitter.com/larmanius/status/1647319066699530240,2023-04-17T19:53:59.960Z,#cancel
Thu Apr 13 18:12:32 +0000 2023,"#Cancel ‚ÄúQueen Cleopatra‚Äù on Netflix for Falsifying History - Sign the Petition! https://t.co/ynlMLqIvZO via @Change

#CulturalAppropriation is a #crime that shouldn't be tolerated.
#StopBlackwashingEgyptianHistory
#StopBlackwashingHistory
#CleopatraWasNotBlack https://t.co/U2Cffkvztc",https://twitter.com/Maaet_Tawi,https://twitter.com/Maaet_Tawi/status/1646577123056926720,2023-04-17T19:53:59.960Z,#cancel
Wed Apr 12 08:41:16 +0000 2023,Politics is what needs to be canceled. #Fact #Cancel #NoPolitics #Toxic #You,https://twitter.com/KleeAnn_,https://twitter.com/KleeAnn_/status/1646070970174832640,2023-04-17T19:53:59.960Z,#cancel
Tue Apr 11 09:47:55 +0000 2023,When you realised you somehow have been paying $36 a month for the highest level Stan subscription but never watched a single show ü§¶üèº‚Äç‚ôÇÔ∏è #cancel,https://twitter.com/nickpmclaren,https://twitter.com/nickpmclaren/status/1645725354148122624,2023-04-17T19:53:59.960Z,#cancel
Sun Apr 16 17:00:00 +0000 2023,"Momentum: Disconnect then reconnect (to cancel out fatigue and distractions).

#momentum #productivity #progress #moveforward #disconnect #reconnect #cancel #fatigue #distractions",https://twitter.com/IsaVictoriaBiz,https://twitter.com/IsaVictoriaBiz/status/1647646032405348354,2023-04-17T19:53:59.960Z,#cancel
Sat Apr 08 10:56:10 +0000 2023,"I'm really sorry to do this again but I've had some more shiddy news hit this morning. I won't be on stream tonight 
#cancel #sorry #stream #weekend #news #SaturdayMorning https://t.co/5kRV0cGkVY",https://twitter.com/crayhobgoblin,https://twitter.com/crayhobgoblin/status/1644655368394399744,2023-04-17T19:53:59.960Z,#cancel
Fri Apr 14 21:06:53 +0000 2023,Donc la en mode ces deux l√† sont fans d'anim√© depuis l'enfance mais ils ont jamais vu aucun parmi ceux de la vid√©o üò¨üò¨üò¨ t'explique √ßa comment @MonsieurDream üòÜüòÜüôèüôè #cyprien #anime #polemique #cancel https://t.co/pQ9zC4w5fA,https://twitter.com/NikitaP12898176,https://twitter.com/NikitaP12898176/status/1646983385347248131,2023-04-17T19:53:59.960Z,#cancel
Tue Mar 14 20:53:20 +0000 2023,"Limited time only - click for a free demo!

If you've been told hacking is a bad thing... you've been lied to.  We'll help you turn those skills into a six figure career.  Begin your journey here.",https://twitter.com/HaikuInc_,https://twitter.com/HaikuInc_/status/1635745952047792129,2023-04-17T19:53:59.960Z,#cancel
Thu Apr 13 20:30:14 +0000 2023,"SpoilerTV Broadcast Cancellation Predictor Table 2022/23 *Updated with 12th April 2023 Finals*

 #Renew #Cancel #RenewCancel

https://t.co/mxjtq9Dhbd https://t.co/TcQ8d3T0MJ",https://twitter.com/OneChicagoSTV,https://twitter.com/OneChicagoSTV/status/1646611777080242176,2023-04-17T19:53:59.960Z,#cancel
Tue Apr 06 19:31:36 +0000 2021,"WHO COULD‚ÄôVE SEEN THIS COMING: MrBeast‚Äôs friend Chris Tyson called out in numerous Twitter threads exposing his old‚Äîand now deleted‚Äîtweets that some are calling Islamophobic, racist, transphobic and ableist. Some are demanding an apology. Threads linked in end of this thread. https://t.co/i8wr073gRA",https://twitter.com/defnoodles,https://twitter.com/defnoodles/status/1379517161786368002,2023-04-17T19:53:59.960Z,#cancel
Mon Apr 17 16:31:46 +0000 2023,"@MattWalshBlog This @budlight #cancel campaign the repubs are pushing shows their lack of support for the 1st Amendment rights.

Bud Light owes you insecure pansies nothing.",https://twitter.com/odatlife,https://twitter.com/odatlife/status/1648001315052883970,2023-04-17T19:53:59.960Z,#cancel
Thu Apr 13 22:26:30 +0000 2023,"@ReidRasner @DC_Draino @Nationwide Yes, White Power Draino, #Cancel Nationwide insurance because Brad Paisley sang a poor version of Take Me Home, Country Roads in Ukraine with Joe Manchin.

I dare you.

You won't.",https://twitter.com/HamSandwichTMNT,https://twitter.com/HamSandwichTMNT/status/1646641034359603200,2023-04-17T19:54:03.165Z,#cancel
Thu Apr 13 19:16:28 +0000 2023,@Sixless ended the longest snap streak I ever had :( #cancel,https://twitter.com/pewprada,https://twitter.com/pewprada/status/1646593212713250816,2023-04-17T19:54:03.165Z,#cancel
Wed Apr 12 20:30:15 +0000 2023,"SpoilerTV Broadcast Cancellation Predictor Table 2022/23 *Updated with 11th April 2023 Finals*

 #Renew #Cancel #RenewCancel

https://t.co/mxjtq9Dhbd https://t.co/j1h4oAlLPg",https://twitter.com/OneChicagoSTV,https://twitter.com/OneChicagoSTV/status/1646249391525711875,2023-04-17T19:54:03.165Z,#cancel
Sun Apr 09 05:39:15 +0000 2023,#canceltee #cancel #tee Cacnel Tee right NOW!! they are supa homophobic about me and toes gay relationship!! (shhh toe isnt fully aware yet) and they are so hatefull on toes amazing singing.. cancel tee now.,https://twitter.com/Ellliizzai,https://twitter.com/Ellliizzai/status/1644938000801955840,2023-04-17T19:54:03.165Z,#cancel
Mon Apr 17 18:30:43 +0000 2023,#cancel @r34zac,https://twitter.com/bullish47427109,https://twitter.com/bullish47427109/status/1648031250173816833,2023-04-17T19:54:03.165Z,#cancel
Thu Apr 13 05:48:34 +0000 2023,"@POTUS #nope
#cancel https://t.co/PWLwkLVYSN",https://twitter.com/larmanius,https://twitter.com/larmanius/status/1646389896830132225,2023-04-17T19:54:03.165Z,#cancel
Sat Apr 15 09:43:14 +0000 2023,"SpoilerTV Broadcast Cancellation Predictor Table 2022/23 *Updated with 13th April 2023 Finals*

 #Renew #Cancel #RenewCancel

https://t.co/DgjwcRSsXd https://t.co/5RXG3eCbEI",https://twitter.com/stv_fbi,https://twitter.com/stv_fbi/status/1647173726536867840,2023-04-17T19:54:03.165Z,#cancel
Sun Apr 09 23:24:39 +0000 2023,S9E6 #VPR I wish Brock had not indulged any info about himself to Lala it only allowed ammo to use against him and Scheana and now she‚Äôs dragging it out bigger than it needs to be #cancel #lala,https://twitter.com/koollex,https://twitter.com/koollex/status/1645206119072292864,2023-04-17T19:54:03.165Z,#cancel
Mon Apr 10 12:13:12 +0000 2023,@Riley_Gaines_ is a hero of women and everyone must get behind her as she fights. https://t.co/qEEGDKUNJd,https://twitter.com/JarrousMichael,https://twitter.com/JarrousMichael/status/1645399529770954754,2023-04-17T19:54:03.165Z,#cancel
Fri Apr 14 02:25:51 +0000 2023,"@AngelaBelcamino #nope
#cancel https://t.co/biTrzaaYza",https://twitter.com/larmanius,https://twitter.com/larmanius/status/1646701268440854530,2023-04-17T19:54:03.165Z,#cancel
Sat Apr 15 09:42:15 +0000 2023,"SpoilerTV Broadcast Cancellation Predictor Table 2022/23 *Updated with 13th April 2023 Finals*

 #Renew #Cancel #RenewCancel

https://t.co/mxjtq9Dhbd https://t.co/tSTFA5MM8m",https://twitter.com/OneChicagoSTV,https://twitter.com/OneChicagoSTV/status/1647173482789187585,2023-04-17T19:54:03.165Z,#cancel
Mon Apr 17 14:28:04 +0000 2023,#cancel JHS MEANGIRLS,https://twitter.com/horrible_choice,https://twitter.com/horrible_choice/status/1647970184722784256,2023-04-17T19:54:03.165Z,#cancel
Sat Apr 08 09:59:25 +0000 2023,"""The future may be cancelled. Please stand by.""

https://t.co/iGTpiRx60N 

#cancel #CancelCulture https://t.co/OHqFywMDnx",https://twitter.com/samkj27,https://twitter.com/samkj27/status/1644641084788686848,2023-04-17T19:54:03.165Z,#cancel
Mon Apr 10 18:51:59 +0000 2023,#cancel Jens,https://twitter.com/NelsonXDiscool,https://twitter.com/NelsonXDiscool/status/1645499886001954816,2023-04-17T19:54:03.165Z,#cancel
Mon Apr 10 07:55:42 +0000 2023,"#cancel @alphadestroy22 for being a #attention seeker they ran over my grandma and then after I went to #court with them they claimed that it was not #them that ran her #over and that it was a #reindeer we have video #proof, spread the word #cancelalphadestroy22 !!!!!!!!!",https://twitter.com/Xx_gamurgurl_xX,https://twitter.com/Xx_gamurgurl_xX/status/1645334726788677633,2023-04-17T19:54:03.165Z,#cancel
Fri Apr 14 02:46:20 +0000 2023,"@DiscussingFilm #nope
#cancel https://t.co/gWVFIKec2K",https://twitter.com/larmanius,https://twitter.com/larmanius/status/1646706422338691073,2023-04-17T19:54:03.165Z,#cancel
Wed Apr 12 17:51:45 +0000 2023,The once treasured jack is no longer in my cabinets. Let‚Äôs remind them who they‚Äôre consumers are to #cancel  https://t.co/TPTqafqmnv,https://twitter.com/DAnger2vicious,https://twitter.com/DAnger2vicious/status/1646209502457348117,2023-04-17T19:54:03.165Z,#cancel
Sun Apr 16 18:48:04 +0000 2023,@JohnJHarwood Got to love when pay for play leftists media goes after duly elected representatives speaking out for the actual majority. #cancel This one.,https://twitter.com/RobinLever,https://twitter.com/RobinLever/status/1647673227953713152,2023-04-17T19:54:03.165Z,#cancel
Mon Apr 10 12:27:26 +0000 2023,"#ncaa is absolutely wrong, and is willing to #cancel #women #sports",https://twitter.com/gsjdiehev,https://twitter.com/gsjdiehev/status/1645403111803039744,2023-04-17T19:54:03.165Z,#cancel
Tue Apr 11 19:02:24 +0000 2023,elle pr√©f√®re tiktok √† moi üòíüòí #cancel,https://twitter.com/aizxkku,https://twitter.com/aizxkku/status/1645864895462756360,2023-04-17T19:54:03.165Z,#cancel
Sat Apr 15 09:06:15 +0000 2023,"SpoilerTV Broadcast Cancellation Predictor Table 2022/23 *Updated with 13th April 2023 Finals*

 #Renew #Cancel #RenewCancel

https://t.co/mxjtq9DP0L https://t.co/5YhWu2tprW",https://twitter.com/OneChicagoSTV,https://twitter.com/OneChicagoSTV/status/1647164422660702210,2023-04-17T19:54:03.165Z,#cancel
Tue Apr 11 20:12:05 +0000 2023,"SpoilerTV Broadcast Cancellation Predictor Table 2022/23 *Updated with 10th April 2023 Finals*

 #Renew #Cancel #RenewCancel

https://t.co/pQkUoDY9zP https://t.co/GgN45nJElL",https://twitter.com/SpoilerTV,https://twitter.com/SpoilerTV/status/1645882431222829058,2023-04-17T19:54:06.595Z,#cancel
Mon Apr 17 01:42:56 +0000 2023,"@ChristineQunta Fighting apartheid in retrospect, never tire of these virtuosos, gifts that keeps on with the good fight, doing God's work by canceling those who doesn't believe they have a time machine, to teach, the long-gone, how to had been better #religion #cancel #virtueSignal #arrogance",https://twitter.com/PappaBravo01,https://twitter.com/PappaBravo01/status/1647777632531120129,2023-04-17T19:54:06.595Z,#cancel
Mon Apr 17 07:48:55 +0000 2023,@geminisaucee Haw u just assumed my gender #cancel,https://twitter.com/zaryabetc,https://twitter.com/zaryabetc/status/1647869735890223111,2023-04-17T19:54:06.595Z,#cancel
Wed Apr 12 06:26:03 +0000 2023,Sabrina Carpenter forced to cancel concert after ‚Äòcredible‚Äô bomb threat at Portland venue¬† https://t.co/Ksfvg0C72y #bomb #cancel,https://twitter.com/whatsn2day,https://twitter.com/whatsn2day/status/1646036940184256514,2023-04-17T19:54:06.595Z,#cancel
Tue Apr 11 14:04:23 +0000 2023,"SpoilerTV Broadcast Cancellation Predictor Table 2022/23 *Updated with 9th April 2023 Finals*

 #Renew #Cancel #RenewCancel

https://t.co/DgjwcRT0ML https://t.co/afqPbmeM21",https://twitter.com/stv_fbi,https://twitter.com/stv_fbi/status/1645789898811805697,2023-04-17T19:54:06.595Z,#cancel
Thu Apr 13 20:47:38 +0000 2023,@damiDNI i am going to screenshot all of ur tweets #cancel,https://twitter.com/siyeonDNI,https://twitter.com/siyeonDNI/status/1646616152351621122,2023-04-17T19:54:06.595Z,#cancel
Wed Apr 12 13:22:39 +0000 2023,"@AriMelber More vital, can we succeed in getting you off the air if you persist in refusing to #ChangeTheSubject?

No more Trump until next arrest &amp; arraignment, fair enough?

#Cancel @MSNBC #FellatingTrump @JakeTapper @Lawrence @TheLastWord #TrumpPromotion",https://twitter.com/twitbangs,https://twitter.com/twitbangs/status/1646141781635940352,2023-04-17T19:54:06.595Z,#cancel
Fri Apr 14 04:26:56 +0000 2023,#cancel @arealhatepage #cancelcylin,https://twitter.com/lexiepohh,https://twitter.com/lexiepohh/status/1646731741309071360,2023-04-17T19:54:06.595Z,#cancel
Thu Apr 13 00:39:18 +0000 2023,"Been hard to say this, but I‚Äôm confirming the allegations against Sonic the Hedgehog are true. I saw him in the hallways bullying the Roblox noob when we were back in highschool. Tired of noone in media nowadays being trustworthy. #cancel

https://t.co/S79lNjW0lW",https://twitter.com/Nick_Senny,https://twitter.com/Nick_Senny/status/1646312067727491072,2023-04-17T19:54:06.595Z,#cancel
Wed Apr 12 10:51:11 +0000 2023,#cancel @heegyucart,https://twitter.com/_vvenividivici,https://twitter.com/_vvenividivici/status/1646103664724168705,2023-04-17T19:54:06.595Z,#cancel
Sun Apr 16 20:31:11 +0000 2023,"@Theobius #OfCourse

Do you think #PeePee would ask @elonmusk to call @CBCNews #GovernmentFundedPropaganda

Sorry #GovernmentFundedMedia, if he did not expect them to end up like @npr &amp; @nprpolitics?

@PierrePoilievre want to #Cancel @CBCNews because they'd not say @JustinTrudeau #IsBad",https://twitter.com/CdnNorseDogDad,https://twitter.com/CdnNorseDogDad/status/1647699178024472576,2023-04-17T19:54:06.595Z,#cancel
Sat Apr 15 00:19:07 +0000 2023,Cancel #QueenCleopatra #cancel #Netflix,https://twitter.com/_Hanzadaa,https://twitter.com/_Hanzadaa/status/1647031762562760704,2023-04-17T19:54:06.595Z,#cancel
Sun Apr 16 04:41:45 +0000 2023,@mirthlessmikey is a transphobe #cancel #bye,https://twitter.com/Matxchexk,https://twitter.com/Matxchexk/status/1647460245730410497,2023-04-17T19:54:06.595Z,#cancel
Mon Apr 10 00:41:36 +0000 2023,"@_K_F_P_ JUSTICE FOR EUPHEGENIA!!! Cancel Miranda Hillard, I hear she‚Äôs an interior designer dating Stuart Dumeyer! #cancel #transrights",https://twitter.com/Whisp3ringJack,https://twitter.com/Whisp3ringJack/status/1645225481233666048,2023-04-17T19:54:06.595Z,#cancel
Thu Apr 13 20:40:59 +0000 2023,I'm about ready to #cancel this whole #bluecheck thing. both yesterday and today I was unable to #post some of my #poetry which is the whole point of this account.,https://twitter.com/rustedlocket,https://twitter.com/rustedlocket/status/1646614480430813184,2023-04-17T19:54:06.595Z,#cancel
Tue Apr 11 19:12:13 +0000 2023,#cancel Kamariotakis family SLAY @eugeniasamara,https://twitter.com/kiriakos_koulis,https://twitter.com/kiriakos_koulis/status/1645867365941366790,2023-04-17T19:54:06.595Z,#cancel
Tue Mar 14 20:53:20 +0000 2023,"Limited time only - click for a free demo!

‚ÄúMy teachers told me I‚Äôd never amount to anything more than a barista.  Now I run the cybersecurity for one of the largest coffee chains in the world‚Ä¶ and I have a massive net worth.  Thanks, World of Haiku.‚Äù",https://twitter.com/HaikuInc_,https://twitter.com/HaikuInc_/status/1635745952265805829,2023-04-17T19:54:06.595Z,#cancel
Tue Apr 11 12:08:25 +0000 2023,@layschips26 yup #cancel #lays üôÑüôÑüôÑüôÑüôÑüôÑüôÑüôÑüôÑüôÑüôÑüôÑ you are such a flop üôÑ not in the good way either,https://twitter.com/Linda_smith1971,https://twitter.com/Linda_smith1971/status/1645760714571644928,2023-04-17T19:54:06.595Z,#cancel
Sun Apr 16 00:46:04 +0000 2023,"I just signed a @theactionnet petition: #Protect #Horses: #Cancel the #GrandNational 
#stophorseracing #stophorsecruelty

Please sign here: https://t.co/PUmuNU8vNa",https://twitter.com/hovedkriger,https://twitter.com/hovedkriger/status/1647400932919967745,2023-04-17T19:54:06.595Z,#cancel
Sun Apr 09 09:09:01 +0000 2023,"Navy Dinner Melbourne cost Loreda Quiambao $1020 to cancel reservation #CANCEL #COST #DINNER #EMAIL #LOREDA #MELBOURNE #NAVY #NEWS #QUIAMBAO #RESERVATION #WAKEUPCULTURE
https://t.co/UcOF3bMs6l",https://twitter.com/whatsn2day,https://twitter.com/whatsn2day/status/1644990788449738752,2023-04-17T19:54:06.595Z,#cancel
Sat Apr 08 12:05:19 +0000 2023,"Republicans: We hate #CancelCulture!! 

Also Republicans; #Cancel #Budlight and #Nike now!!!

#BoycottAnheuserBusch #BoycottBudLight #BoycottBudweiser #boycottnike #boycottnike_JUSTDOIT",https://twitter.com/LeftneckJesus,https://twitter.com/LeftneckJesus/status/1644672768334524420,2023-04-17T19:54:06.595Z,#cancel
Sun Apr 09 23:28:22 +0000 2023,"If anyone is considering buying membership to @prioritypasscom DO NOT!!!!  It‚Äôs an absolute scam - i have been turned away twice @ TWO airport lounges (ATL, ORD).  Lounges were not busy.  Called customer service and she said rudely ‚Äúthese are terms of membership‚Äù Horrid. #Cancel",https://twitter.com/joekomara,https://twitter.com/joekomara/status/1645207052413698050,2023-04-17T19:54:09.965Z,#cancel
Tue Apr 11 14:03:24 +0000 2023,"SpoilerTV Broadcast Cancellation Predictor Table 2022/23 *Updated with 9th April 2023 Finals*

 #Renew #Cancel #RenewCancel

https://t.co/mxjtq9DP0L https://t.co/vDBiZQq5of",https://twitter.com/OneChicagoSTV,https://twitter.com/OneChicagoSTV/status/1645789650047606787,2023-04-17T19:54:09.965Z,#cancel
Sat Apr 15 03:12:22 +0000 2023,@demisxxual #Cancel @ManuA12TV,https://twitter.com/Airfue0,https://twitter.com/Airfue0/status/1647075365339430913,2023-04-17T19:54:09.965Z,#cancel
Sat Apr 15 13:50:44 +0000 2023,"@Sidemen Can‚Äôt believe one of my kids is defending the video üò°ü§¨ After everything I have taught him about the world, respect, and never follow the ‚Äòcrowd‚Äô if it is against your own thoughts. Do the decent thing and #cancel yourselves. I‚Äôm sick of ‚Äòfame‚Äô being a golden ticket ü§´",https://twitter.com/JasonEllisBook1,https://twitter.com/JasonEllisBook1/status/1647236015705186304,2023-04-17T19:54:09.965Z,#cancel
Sun Apr 09 04:08:22 +0000 2023,"@Ebouhn @alvarezluisf @BrianBu99892348 @Nerdrotics @TheCriticalDri2 @SebKom01 We tried the first time, remember?üòÇüòÇüòÇü•∞I think it's something to do with ""#Cancel""üòÇüòÇ",https://twitter.com/AzzurraS4,https://twitter.com/AzzurraS4/status/1644915130210172928,2023-04-17T19:54:09.965Z,#cancel
Mon Apr 10 19:50:12 +0000 2023,"@sappy_sappho1 Finally, a new reason to #cancel natravis",https://twitter.com/monomodal,https://twitter.com/monomodal/status/1645514537892823053,2023-04-17T19:54:09.965Z,#cancel
Wed Apr 12 20:09:14 +0000 2023,"SpoilerTV Broadcast Cancellation Predictor Table 2022/23 *Updated with 10th April 2023 Finals*

 #Renew #Cancel #RenewCancel

https://t.co/mxjtq9Dhbd https://t.co/elQfLQFTrp",https://twitter.com/OneChicagoSTV,https://twitter.com/OneChicagoSTV/status/1646244104769093639,2023-04-17T19:54:09.965Z,#cancel
Mon Apr 17 06:14:50 +0000 2023,"#Unity „Åß #InputManager „Åã„Çâ #Submit„ÄÅ#Cancel„ÄÅ#Horizontal„ÄÅ#Vertical „ÅÆ4„Å§„ÅÆ„ÅÜ„Å°„Å©„Çå„Åã„Åæ„Åü„ÅØÂÖ®ÈÉ®„ÇíÊ∂à„Åó„Å¶„Åó„Åæ„ÅÜ„Å®

ArgumentException: Input Button *** is not setup.
 To change the input settings use: Edit -&gt; Settings -&gt; Input

„Åø„Åü„ÅÑ„Å™„Ç®„É©„Éº„ÅåÂá∫„Åæ„Åè„Çã„ÅÆ„Å£„Å¶„ÄÅÂ∏∏Ë≠òÔºüÂ∏∏Ë≠òÔºü https://t.co/nI220UgUtV",https://twitter.com/CliffordSakaki,https://twitter.com/CliffordSakaki/status/1647846058427564032,2023-04-17T19:54:09.965Z,#cancel
Thu Apr 13 10:28:58 +0000 2023,"#Jinja #Cancel
#Uganda üá∫üá¨ 
Playing the #Game
#Buildings 
K = #Kenya üá∞üá™ 
Kenya / Uganda / Tanganyika
#Africa
#Stamp #Collecting
#History
#Art
üê£ https://t.co/kyDrBiOKqi",https://twitter.com/KlineSmith7,https://twitter.com/KlineSmith7/status/1646460460705918978,2023-04-17T19:54:09.965Z,#cancel
Tue Apr 11 10:48:02 +0000 2023,"Rumor: Apple may have shelved its anticipated 27-inch mini LED display

https://t.co/I6llHeen9j

#Apple #rumor #hardware #project #shelve #delay #cancel #27inch #miniLED #display #miniLEDdisplay #peripheral #computing",https://twitter.com/PowerPage,https://twitter.com/PowerPage/status/1645740483740672000,2023-04-17T19:54:09.965Z,#cancel
Tue Apr 11 08:17:27 +0000 2023,@sarcitwat I am not buying anything from you ever again. You have been mocking and discriminating against biological womem. #cancel,https://twitter.com/vickykon79,https://twitter.com/vickykon79/status/1645702590535983104,2023-04-17T19:54:09.965Z,#cancel
Thu Apr 13 08:57:32 +0000 2023,"@NOW I need to cancel my mothers subscription, but you make quite impossible to! Can‚Äôt do on the website, have to call a number and then need to find the account number! In the meantime you keep taking my money‚Ä¶. #cancel",https://twitter.com/lauradeornelas,https://twitter.com/lauradeornelas/status/1646437453383737344,2023-04-17T19:54:09.965Z,#cancel
Sat Apr 15 02:03:52 +0000 2023,"https://t.co/B0YHHjwpUm
#cancel #cleopatranetflix  for falsifying history",https://twitter.com/amany_eth,https://twitter.com/amany_eth/status/1647058124358967298,2023-04-17T19:54:09.965Z,#cancel
Tue Apr 11 02:11:49 +0000 2023,@neomalice IS A BULLY EVERYONE #cancel THEM FOR HURTING MY FEELINGS,https://twitter.com/star_noki,https://twitter.com/star_noki/status/1645610572421931008,2023-04-17T19:54:09.965Z,#cancel
Sat Apr 08 15:15:18 +0000 2023,"Nice warning... no reason, substance, or solution. #FBI is a pathetic #worthless waste of money at best. It's a #treasonous #tyrant at worst. Time to #Cancel the oldest(?), illegal #beaurocracy. Serving in the FBI is almost as disgraceful as the IRS.

https://t.co/HhkfO8ha58",https://twitter.com/ForTeowpe,https://twitter.com/ForTeowpe/status/1644720581164806144,2023-04-17T19:54:09.965Z,#cancel
Tue Apr 11 18:35:30 +0000 2023,@jordanbpeterson OMG Jordan has really been triggered by this beer ad. How many tweets since Saturday on this one topic? Get help dude. #conservativesnowflake  #cancel-culture,https://twitter.com/JohnME23765965,https://twitter.com/JohnME23765965/status/1645858125436669966,2023-04-17T19:54:09.965Z,#cancel
Sat Apr 15 15:28:58 +0000 2023,@nypost #cancel @budlight @budweiserusa no @AnheuserBusch products are welcomed in my house anymore. If you show up for the pool parties &amp; barbecues &amp; you bring that crap‚Ä¶either dump it down the drain or leave. #BoycottAnheuserBusch,https://twitter.com/mcareynj,https://twitter.com/mcareynj/status/1647260734034702340,2023-04-17T19:54:09.965Z,#cancel
Wed Apr 12 20:31:37 +0000 2023,"SpoilerTV Broadcast Cancellation Predictor Table 2022/23 *Updated with 11th April 2023 Finals*

 #Renew #Cancel #RenewCancel

https://t.co/ERHYSXNKtN https://t.co/FanrpOVl2i",https://twitter.com/STVRatings,https://twitter.com/STVRatings/status/1646249736444280832,2023-04-17T19:54:09.965Z,#cancel
Mon Apr 10 18:23:36 +0000 2023,This is why we must can #cancel #woke now what libs are with me???,https://twitter.com/RayleighChow,https://twitter.com/RayleighChow/status/1645492745237143575,2023-04-17T19:54:09.965Z,#cancel
Mon Apr 10 20:21:16 +0000 2023,"SpoilerTV Broadcast Cancellation Predictor Table 2022/23 *Updated with 7th April 2023 Finals*

 #Renew #Cancel #RenewCancel

https://t.co/mxjtq9Dhbd https://t.co/IJz6yL57Jb",https://twitter.com/OneChicagoSTV,https://twitter.com/OneChicagoSTV/status/1645522354167054366,2023-04-17T19:54:09.965Z,#cancel
Sun Apr 16 15:37:43 +0000 2023,@lavenderz2silly #cancel tweek tweak,https://twitter.com/lefthandwanker,https://twitter.com/lefthandwanker/status/1647625324396523520,2023-04-17T19:54:12.942Z,#cancel
Sat Apr 08 07:09:32 +0000 2023,"SpoilerTV Broadcast Cancellation Predictor Table 2022/23 *Updated with 6th April 2023 Finals*

 #Renew #Cancel #RenewCancel

https://t.co/DgjwcRSsXd https://t.co/t5ZdBqbRCZ",https://twitter.com/stv_fbi,https://twitter.com/stv_fbi/status/1644598331404959744,2023-04-17T19:54:12.942Z,#cancel
Thu Apr 13 23:07:33 +0000 2023,Russian regions cancel Victory Day parades due to 'security issues' at Ukrainian border - https://t.co/l1W3SShjy5 #cancel #day #due #issues #MoD #Parades #regions #Russian #security #Ukraine #Ukrainian #UnitedKingdom #Victory #WorldNews,https://twitter.com/Sion5dotcom,https://twitter.com/Sion5dotcom/status/1646651366268448771,2023-04-17T19:54:12.942Z,#cancel
Sat Apr 15 21:28:57 +0000 2023,I agree with this 100% #cancelcancelcultrue #cancel #CancelCulture https://t.co/lVEkQpCx7x,https://twitter.com/MafianMann,https://twitter.com/MafianMann/status/1647351328702693381,2023-04-17T19:54:12.942Z,#cancel
Tue Apr 11 20:03:23 +0000 2023,@KimKardashian we ain‚Äôt forget the disgusting allegations you made  about @RayJ sexually assaulting you.. #CANCEL her #kimk #kimmk #thekardashians #kimmy #kimmy #rayj #willienorwood #willie,https://twitter.com/Knowshade1,https://twitter.com/Knowshade1/status/1645880243528548352,2023-04-17T19:54:12.942Z,#cancel
Tue Apr 11 02:45:46 +0000 2023,#cancel Brandon Zapata,https://twitter.com/cyclonebob81,https://twitter.com/cyclonebob81/status/1645619117175570432,2023-04-17T19:54:12.942Z,#cancel
Mon Apr 10 16:33:27 +0000 2023,The Radical #Left Need #Cancel #Culture | Konstantin Kisin https://t.co/PFyJPdYoJC,https://twitter.com/G_Male_Baby,https://twitter.com/G_Male_Baby/status/1645465023651917824,2023-04-17T19:54:12.942Z,#cancel
Sat Apr 15 12:22:41 +0000 2023,"Indian Railways: 16 ‡§î‡§∞ 18 ‡§Ö‡§™‡•ç‡§∞‡•á‡§≤ ‡§ï‡•ã ‡§°‡§¨‡§≤ ‡§°‡•á‡§ï‡§∞ ‡§ü‡•ç‡§∞‡•á‡§® ‡§∞‡§¶‡•ç‡§¶, ‡§π‡§æ‡§≤‡§æ‡§Ç‡§ï‡§ø ‡§ú‡§Ø‡§™‡•Å‡§∞ ‡§∏‡•á ‡§¶‡§ø‡§≤‡•ç‡§≤‡•Ä ‡§∞‡•Ç‡§ü ‡§™‡§∞ ‡§ö‡§≤‡•á‡§ó‡•Ä ‡§µ‡§Ç‡§¶‡•á ‡§≠‡§æ‡§∞‡§§
https://t.co/RkDcJ6TUgR
#indianrailways #IRCTC #CANCEL #doubledecker #train #VandeBharat #willrun #jaipur #delhi #JaipurToDelhi https://t.co/pE7NLXRMKB",https://twitter.com/news_thikana,https://twitter.com/news_thikana/status/1647213857088348163,2023-04-17T19:54:12.942Z,#cancel
Fri Apr 14 18:25:12 +0000 2023,"#CSU gibt sich neues Programm:

Gegen #Gender #Wokeness #Cancel",https://twitter.com/BirnstinglausRo,https://twitter.com/BirnstinglausRo/status/1646942696487919616,2023-04-17T19:54:12.942Z,#cancel
Sat Apr 08 14:59:36 +0000 2023,"MEW IS BEING MEAN TO ME!!! #cancel
@lavenderz2silly",https://twitter.com/valenz2silly,https://twitter.com/valenz2silly/status/1644716627873742849,2023-04-17T19:54:12.942Z,#cancel
Sun Apr 09 01:30:21 +0000 2023,@Riley_Gaines_ Cancel cancel culture,https://twitter.com/elonmusk,https://twitter.com/elonmusk/status/1644875361111482368,2023-04-17T19:54:12.942Z,#cancel
Wed Apr 12 13:42:50 +0000 2023,"Bauke Geersing gaf op 6 april 2023 een interview af op het YouTube kanaal van @blckbxnews  over de grillen van NPO, Media en kabinet. Sinds gistermiddag word Bauke Geersing ineens in de #cancel wachtkamer gezet. @wierdduk @DevliegerErik iemand die hier kan induiken? https://t.co/tloonaysVK",https://twitter.com/schmoopiee,https://twitter.com/schmoopiee/status/1646146860027981826,2023-04-17T19:54:12.942Z,#cancel
Sat Apr 08 04:14:56 +0000 2023,Majority of Nashville Metro Council to vote to reinstate expelled member #tennessee #gop #republican #voterfraud #vote #cancel culture hypocrisy  https://t.co/27MYcgg2N3,https://twitter.com/suziesuchi,https://twitter.com/suziesuchi/status/1644554392996311041,2023-04-17T19:54:12.942Z,#cancel
Sun Apr 09 16:44:36 +0000 2023,@mtgreenee If you want to drink a beer that tastes like üí© just so you can try to #cancel #Budlight then go for it. But it will hurt you more than it hurts them.,https://twitter.com/davidpaterimos,https://twitter.com/davidpaterimos/status/1645105441779732482,2023-04-17T19:54:12.942Z,#cancel
Thu Apr 13 17:17:21 +0000 2023,"#Cancel @loussun28_ 
#Support @imahumanigso https://t.co/5acFYrBCl5",https://twitter.com/thewayyido,https://twitter.com/thewayyido/status/1646563233468387328,2023-04-17T19:54:12.942Z,#cancel
Mon Apr 10 22:12:38 +0000 2023,"@OliLondonTV @Riley_Gaines_ Apparently the school wants a school full of woke kids, bullying and felony acts, such as kidnapping and ransom on their school grounds. #cancel",https://twitter.com/4nineSD,https://twitter.com/4nineSD/status/1645550380372066304,2023-04-17T19:54:12.942Z,#cancel
Fri Apr 14 16:42:23 +0000 2023,#cancel Gabriel grrrrr,https://twitter.com/ADumbPhrog,https://twitter.com/ADumbPhrog/status/1646916822078218263,2023-04-17T19:54:12.942Z,#cancel
Sun Apr 16 04:37:57 +0000 2023,@Matxchexk said the n-word #cancelled #CancelCulture #cancel #bye,https://twitter.com/mirthlessmikey,https://twitter.com/mirthlessmikey/status/1647459288695095299,2023-04-17T19:54:12.942Z,#cancel
Sun Apr 09 03:44:46 +0000 2023,@DisneyPlus @Disney You guys suck. I can‚Äôt believe the only ‚Äúsecurity‚Äù solution you have to people trying to hack your subscribers‚Äô accounts is to tell us to change our email. It‚Äôs 2023 and you have no two factor authenticity ability?! #cancel,https://twitter.com/Babyboy1105,https://twitter.com/Babyboy1105/status/1644909191218491393,2023-04-17T19:54:12.942Z,#cancel
Fri Apr 14 11:53:49 +0000 2023,@rainbowcitypdx Some of her ex's and ex friends have hmu. The stuff that is going to come out about her soon should #Cancel her but I'm sure she will get away with it since shes a woman and popular in our #PDX #EDM scene. Its usually how it works here and why I no longer play PDX shows.,https://twitter.com/BossBunny503,https://twitter.com/BossBunny503/status/1646844204008771584,2023-04-17T19:54:12.942Z,#cancel
Mon Apr 17 03:14:03 +0000 2023,"I have an earlier post how I had assumed the #Woke Left would be the first to try to #Cancel #MrsDoubtfire, now I think the #AntiWoke Right will go after it 1rst. But given that Hairspray also taught me that Racism is bad, I'm sure the Anti-Woke scolds will go after it 1rst.",https://twitter.com/Justin_L_Smith_,https://twitter.com/Justin_L_Smith_/status/1647800564279918592,2023-04-17T19:54:12.942Z,#cancel
Mon Apr 10 19:54:40 +0000 2023,@bennyjohnson #cancel culture,https://twitter.com/Roxanne48299337,https://twitter.com/Roxanne48299337/status/1645515663039922184,2023-04-17T19:54:15.708Z,#cancel
Wed Apr 12 14:45:33 +0000 2023,#Cancel Train 06602/601 Mangaluru Central-Madgaon-Mangaluru Central daily unreserved specials commencing on April 13-14 will be short terminated at Canacona &amp; be partially cancelled between Canacona and Madgaon. Train 06601 will originate from Canacona at 2.24pm. @DRMPalghat,https://twitter.com/jaideepshenoy,https://twitter.com/jaideepshenoy/status/1646162646540984320,2023-04-17T19:54:15.708Z,#cancel
Sat Apr 15 12:36:42 +0000 2023,"#Cancel Netflix‚Äôs ‚Äú#Queen #Cleopatra‚Äù üö´

Cleopatra was NOT black. This is not against black people, its simply a wake up call to preserve the history and the integrity of the Egyptians.

#Egypt was never black and it was never white, Egypt is just Egypt.
https://t.co/cyzmZdP1cI",https://twitter.com/AmelMoussa153,https://twitter.com/AmelMoussa153/status/1647217381339529218,2023-04-17T19:54:15.708Z,#cancel